0,Wanda Mcmillan,wandamcmillan@gmail.com
1,Paula Wirkkala,paulawirkkala@gmail.com
2,Michael Laud,michaellaud@gmail.com
3,Clifton Bellamy,cliftonbellamy@gmail.com
4,George Hodge,georgehodge@gmail.com
5,Sandra Porter,sandraporter@gmail.com
6,Marjorie Varillas,marjorievarillas@gmail.com
7,Alexandra Doster,alexandradoster@gmail.com
8,Brandi Webber,brandiwebber@gmail.com
9,Roberto Nolin,robertonolin@gmail.com
10,Erica Swoopes,ericaswoopes@gmail.com
11,Wayne Bradford,waynebradford@gmail.com
12,Raymonde Elder,raymondeelder@gmail.com
13,Deborah Kirby,deborahkirby@gmail.com
14,Patricia Herndon,patriciaherndon@gmail.com
15,Michael Hilchey,michaelhilchey@gmail.com
16,Howard Bennett,howardbennett@gmail.com
17,Lakisha Parker,lakishaparker@gmail.com
18,Joseph Edwards,josephedwards@gmail.com
19,John Dansie,johndansie@gmail.com
20,Alexis Webster,alexiswebster@gmail.com
21,June Lamson,junelamson@gmail.com
22,Susan Peterson,susanpeterson@gmail.com
23,Janet Denton,janetdenton@gmail.com
24,Robert Medley,robertmedley@gmail.com
25,Dominic Butler,dominicbutler@gmail.com
26,Antonina Borgen,antoninaborgen@gmail.com
27,Darlene Brouillette,darlenebrouillette@gmail.com
28,Arthur Goularte,arthurgoularte@gmail.com
29,Carol Hawthorne,carolhawthorne@gmail.com
30,Richard Stine,richardstine@gmail.com
31,Laura Hills,laurahills@gmail.com
32,Mary James,maryjames@gmail.com
33,Joan Heavner,joanheavner@gmail.com
34,Ryan Bowles,ryanbowles@gmail.com
35,Cindy Bessette,cindybessette@gmail.com
36,Omar Duval,omarduval@gmail.com
37,Steven Moore,stevenmoore@gmail.com
38,William Hernandez,williamhernandez@gmail.com
39,Amanda Rangel,amandarangel@gmail.com
40,Jesse Nowak,jessenowak@gmail.com
41,Donna Jarrett,donnajarrett@gmail.com
42,Rachael Helton,rachaelhelton@gmail.com
43,Bonnie Moore,bonniemoore@gmail.com
44,David Crouchet,davidcrouchet@gmail.com
45,Linda Mahn,lindamahn@gmail.com
46,Gina Henderson,ginahenderson@gmail.com
47,Raymond Bush,raymondbush@gmail.com
48,Raymond Lunford,raymondlunford@gmail.com
49,Charles Quinones,charlesquinones@gmail.com
50,Mathew Radcliffe,mathewradcliffe@gmail.com
51,Christopher Newton,christophernewton@gmail.com
52,Charles Williamson,charleswilliamson@gmail.com
53,Beatrice Andrzejewski,beatriceandrzejewski@gmail.com
54,Shannon Hubbard,shannonhubbard@gmail.com
55,Shawn Quimby,shawnquimby@gmail.com
56,Clint Gainer,clintgainer@gmail.com
57,Hal Burris,halburris@gmail.com
58,Richard Gibson,richardgibson@gmail.com
59,Virgie Frontz,virgiefrontz@gmail.com
60,Janet Melvin,janetmelvin@gmail.com
61,Damon Cabrera,damoncabrera@gmail.com
62,Jason Taylor,jasontaylor@gmail.com
63,Marlo Murrow,marlomurrow@gmail.com
64,Elizabeth Evans,elizabethevans@gmail.com
65,Anne Horton,annehorton@gmail.com
66,Alexis Bard,alexisbard@gmail.com
67,Dorothy Corradino,dorothycorradino@gmail.com
68,Linda Ross,lindaross@gmail.com
69,John Adams,johnadams@gmail.com
70,Denise Slater,deniseslater@gmail.com
71,Brandon Whitney,brandonwhitney@gmail.com
72,Nancy Rogers,nancyrogers@gmail.com
73,Carl Angelo,carlangelo@gmail.com
74,Joseph Clement,josephclement@gmail.com
75,Patricia Fike,patriciafike@gmail.com
76,Mindy Nichols,mindynichols@gmail.com
77,Willie Roberson,willieroberson@gmail.com
78,Evelyn Powell,evelynpowell@gmail.com
79,Linda Hymel,lindahymel@gmail.com
80,Lucilla Rush,lucillarush@gmail.com
81,Joann Perla,joannperla@gmail.com
82,Susan Soule,susansoule@gmail.com
83,Chester Yoshida,chesteryoshida@gmail.com
84,Ethel Nunes,ethelnunes@gmail.com
85,Lila Tedesco,lilatedesco@gmail.com
86,William Latham,williamlatham@gmail.com
87,Domingo Basta,domingobasta@gmail.com
88,Donald Titus,donaldtitus@gmail.com
89,Chrystal Orourke,chrystalorourke@gmail.com
90,Howard Williams,howardwilliams@gmail.com
91,Micheal Jones,michealjones@gmail.com
92,Anissa Mcdaniel,anissamcdaniel@gmail.com
93,Irene Baker,irenebaker@gmail.com
94,David Holloman,davidholloman@gmail.com
95,Beth Fehrle,bethfehrle@gmail.com
96,Blanche Brunk,blanchebrunk@gmail.com
97,Marion Waters,marionwaters@gmail.com
98,Deborah Berger,deborahberger@gmail.com
99,James Gallagher,jamesgallagher@gmail.com
